Plot,Transect,Quadrat,Genera,species,Count,Notes,Digitized_order
3330,1,1,Quercus,ellipsoidalis,1,,1
3330,1,1,Gaylussacia,baccata,,,2
3330,1,1,Maianthemum,canadense,,,3
3330,1,1,Rumex,acetosella,,,4
3330,1,1,Krigia,biflora,,,5
3330,1,1,Carex,siccata,,,6
3330,1,1,Elymus ,trachycaulus,,,7
3330,1,2,Quercus,ellipsoidalis,4,,8
3330,1,2,Accer,rubrum,1,,9
3330,1,2,Maianthemum,canadense,,,10
3330,1,2,Elymus ,trachycaulus,,,11
3330,1,2,Carex,siccata,,,12
3330,1,2,Sorghastrum,nutans,,,13
3330,1,2,Polygonatum,biflora,,,14
3330,1,3,Accer,rubrum,1,,15
3330,1,3,Gaylussacia,baccata,,,16
3330,1,3,Maianthemum,canadense,,,17
3330,1,3,Carex,siccata,,,18
3330,1,4,Quercus,ellipsoidalis,5,,19
3330,1,4,Acer,rubrum,1,,20
3330,1,4,Gaylussacia,baccata,,,21
3330,1,4,Maianthemum,canadense,,,22
3330,1,4,Carex,siccata,,,23
3330,1,5,Quercus,ellipsoidalis,1,,24
3330,1,5,Vaccinium,angustifolium,,,25
3330,1,5,Maianthemum,canadense,,,26
3330,1,5,Carex,siccata,,,27
3330,1,6,Quercus,ellipsoidalis,1,,28
3330,1,6,Acer,rubrum,1,,29
3330,1,6,Maianthemum,canadense,,,30
3330,1,6,Carex,siccata,,,31
3330,1,6,Physalis ,heterophylla,,,32
3330,1,7,Quercus,ellipsoidalis,1,,33
3330,1,7,Maianthemum,canadense,,,34
3330,1,7,Carex,siccata,,,35
3330,1,8,Quercus,ellipsoidalis,4,,36
3330,1,8,Pinus,banksiana,1,,37
3330,1,8,Maianthemum,canadense,,,38
3330,1,8,Carex,siccata,,,39
3330,1,9,Quercus,ellipsoidalis,4,,40
3330,1,9,Gaylussacia,baccata,,,41
3330,1,9,Maianthemum,canadense,,,42
3330,1,9,Carex,siccata,,,43
3330,1,10,Quercus,ellipsoidalis,7,,44
3330,1,10,Gaylussacia,baccata,,,45
3330,1,10,Carex,siccata,,,46
3330,2,1,Vaccinium,angustifolium,,,47
3330,2,1,Gaylussacia,baccata,,,48
3330,2,1,Carex,siccata,,,49
3330,2,2,Vaccinium,angustifolium,,,50
3330,2,2,Gaylussacia,baccata,,,51
3330,2,3,Pinus,banksiana,3,,52
3330,2,3,Gaylussacia,baccata,,,53
3330,2,3,Carex,siccata,,,54
3330,2,4,Quercus,ellipsoidalis,5,,55
3330,2,4,Gaylussacia,baccata,,,56
3330,2,4,Maianthemum,canadense,,,57
3330,2,4,Carex,siccata,,,58
3330,2,5,Quercus,ellipsoidalis,4,,59
3330,2,5,Gaylussacia,baccata,,,60
3330,2,5,Carex,siccata,,,61
3330,2,6,Quercus,ellipsoidalis,3,,62
3330,2,6,Gaylussacia,baccata,,,63
3330,2,6,Maianthemum,canadense,,,64
3330,2,6,Carex,siccata,,,65
3330,2,7,Quercus,ellipsoidalis,3,,66
3330,2,7,Carex,siccata,,,67
3330,2,8,Quercus,ellipsoidalis,1,,68
3330,2,8,Carex,siccata,,,69
3330,2,9,Quercus,ellipsoidalis,1,,70
3330,2,9,Carex,siccata,,,71
3330,2,10,Quercus,ellipsoidalis,4,,72
3330,2,10,Carex,siccata,,,73
3330,3,1,Vaccinium,angustifolium,,,74
3330,3,1,Gaultheria,procumbens,,,75
3330,3,1,Maianthemum,canadense,,,76
3330,3,1,Carex,siccata,,,77
3330,3,2,Quercus,ellipsoidalis,2,,78
3330,3,2,Maianthemum,canadense,,,79
3330,3,2,Carex,siccata,,,80
3330,3,3,Quercus,ellipsoidalis,1,,81
3330,3,3,Viola,sagittata,,,82
3330,3,3,Aster,oolentangiensis,,,83
3330,3,4,Quercus,ellipsoidalis,1,,84
3330,3,4,Pinus,banksiana,1,,85
3330,3,4,Vaccinium,angustifolium,,,86
3330,3,4,Gaylussacia,baccata,,,87
3330,3,4,Carex,siccata,,,88
3330,3,5,Quercus,ellipsoidalis,4,,89
3330,3,5,Gaylussacia,baccata,,,90
3330,3,5,Carex,siccata,,,91
3330,3,6,Quercus,ellipsoidalis,3,,92
3330,3,6,Gaylussacia,baccata,,,93
3330,3,6,Carex,siccata,,,94
3330,3,7,Quercus,ellipsoidalis,1,,95
3330,3,7,Vaccinium,angustifolium,,,96
3330,3,7,Gaylussacia,baccata,,,97
3330,3,7,Carex,siccata,,,98
3330,3,8,Quercus,ellipsoidalis,1,,99
3330,3,8,Vaccinium,angustifolium,,,100
3330,3,8,Carex,siccata,,,101
3330,3,9,Quercus,ellipsoidalis,3,,102
3330,3,9,Carex,siccata,,,103
3330,3,10,Quercus,ellipsoidalis,4,,104
3330,3,10,Quercus,alba,1,,105
3330,3,10,Carex,siccata,,,106
3330,3,10,Rubus,allegheniensis,,,107
3330,4,1,Quercus,ellipsoidalis,2,,108
3330,4,1,Gaylussacia,baccata,,,109
3330,4,1,Carex,siccata,,,110
3330,4,2,Quercus,alba,1,,111
3330,4,2,Acer,rubrum,1,,112
3330,4,2,Vaccinium,angustifolium,,,113
3330,4,2,Gaylussacia,baccata,,,114
3330,4,2,Pteridium,aquilinum,,,115
3330,4,2,Maianthemum,canadense,,,116
3330,4,2,Carex,siccata,,,117
3330,4,2,Rubus,allegheniensis,,,118
3330,4,2,Prunus,serotina,1,,119
3330,4,3,Quercus,ellipsoidalis,11,,120
3330,4,3,Pinus,strobus,1,,121
3330,4,3,Acer,rubrum,1,,122
3330,4,3,Vaccinium,angustifolium,,,123
3330,4,3,Gaylussacia,baccata,,,124
3330,4,3,Pteridium,aquilinum,,,125
3330,4,3,Maianthemum,canadense,,,126
3330,4,3,Rubus,allegheniensis,,,127
3330,4,4,Pinus,strobus,1,,128
3330,4,4,Vaccinium,angustifolium,,,129
3330,4,4,Gaylussacia,baccata,,,130
3330,4,4,Pteridium,aquilinum,,,131
3330,4,4,Rubus ,allegheniensis,,,132
3330,4,4,Polygonatum,biflora,,,133
3330,4,5,Quercus,ellipsoidalis,2,,134
3330,4,5,Gaylussacia,baccata,,,135
3330,4,5,Pteridium,aquilinum,,,136
3330,4,5,Carex,siccata,,,137
3330,4,6,Quercus,ellipsoidalis,6,,138
3330,4,6,Vaccinium,angustifolium,,,139
3330,4,6,Carex,siccata,,,140
3330,4,7,Maianthemum,canadense,,,141
3330,4,7,Carex,siccata,,,142
3330,4,8,Maianthemum,canadense,,,143
3330,4,9,Quercus,ellipsoidalis,4,,144
3330,4,9,Pinus,banksiana,1,,145
3330,4,9,Vaccinium,angustifolium,,,146
3330,4,9,Carex,siccata,,,147
3330,4,10,Quercus,ellipsoidalis,5,,148
3330,4,10,Acer,rubrum,1,,149
3330,4,10,Carex,siccata,,,150
3330,5,1,Quercus,ellipsoidalis,6,,151
3330,5,1,Acer,rubrum,1,,152
3330,5,1,Gaylussacia,baccata,,,153
3330,5,1,Maianthemum,canadense,,,154
3330,5,1,Carex,siccata,,,155
3330,5,1,Rubus,allegheniensis,,,156
3330,5,2,Quercus,ellipsoidalis,3,,157
3330,5,2,Quercus,alba,1,,158
3330,5,2,Acer,rubrum,1,,159
3330,5,2,Vaccinium,angustifolium,,,160
3330,5,2,Gaylussacia,baccata,,,161
3330,5,2,Maianthemum,canadense,,,162
3330,5,2,Carex,siccata,,,163
3330,5,3,Quercus,ellipsoidalis,3,,164
3330,5,3,Gaylussacia,baccata,,,165
3330,5,3,Pteridium,aquilinum,,,166
3330,5,3,Carex,siccata,,,167
3330,5,3,Betula,sp,1,,168
3330,5,4,Vaccinium,angustifolium,,,169
3330,5,4,Carex,siccata,,,170
3330,5,5,Quercus,ellipsoidalis,1,,171
3330,5,5,Acer,rubrum,1,,172
3330,5,5,Pteridium,aquilinum,,,173
3330,5,5,Maianthemum,canadense,,,174
3330,5,5,Lysimachia,quadrifolia,,,175
3330,5,5,Carex,siccata,,,176
3330,5,5,Rubus,allegheniensis,,,177
3330,5,6,Pinus,strobus,1,,178
3330,5,6,Vaccinium,angustifolium,,,179
3330,5,6,Gaylussacia,baccata,,,180
3330,5,6,Pteridium,aquilinum,,,181
3330,5,6,Maianthemum,canadense,,,182
3330,5,6,Carex,siccata,,,183
3330,5,7,Quercus,ellipsoidalis,4,,184
3330,5,7,Quercus,alba,2,,185
3330,5,7,Pinus,strobus,1,,186
3330,5,7,Vaccinium,angustifolium,,,187
3330,5,7,Maianthemum,canadense,,,188
3330,5,7,Carex,siccata,,,189
3330,5,7,Ilex,verticillata,,,190
3330,5,8,Quercus,ellipsoidalis,5,,191
3330,5,8,Vaccinium,angustifolium,,,192
3330,5,8,Pteridium,aquilinum,,,193
3330,5,8,Maianthemum,canadense,,,194
3330,5,8,Prenanthes,alba,,,195
3330,5,8,Carex,siccata,,,196
3330,5,8,Ilex,verticillata,,,197
3330,5,8,Achillea,millefolium,,,198
3330,5,8,Aster,sp,,,199
3330,5,9,Quercus,ellipsoidalis,4,,200
3330,5,9,Vaccinium,angustifolium,,,201
3330,5,9,Gaultheria,procumbens,,,202
3330,5,9,Maianthemum,canadense,,,203
3330,5,9,Carex,siccata,,,204
3330,5,10,Acer,rubrum,1,,205
3330,5,10,Vaccinium,angustifolium,,,206
3330,5,10,Gaylussacia,baccata,,,207
3330,5,10,Pteridium,aquilinum,,,208
3330,5,10,Maianthemum,canadense,,,209
3330,5,10,Carex,siccata,,,210
3294,1,1,Vaccinium,angustifolium,,,211
3294,1,1,Gaylussacia,baccata,,,212
3294,1,1,Acer,rubrum,11,,213
3294,1,1,Trientalis,borealis,,,214
3294,1,1,Gaultheria,procumbens,,,215
3294,1,2,Vaccinium,angustifolium,,,216
3294,1,2,Gaylussacia,baccata,,,217
3294,1,2,Acer,rubrum,9,,218
3294,1,2,Quercus,alba,2,,219
3294,1,2,Quercus,velutina,2,,220
3294,1,2,Rubus,hispidus,,,221
3294,1,3,Vaccinium,angustifolium,,,222
3294,1,3,Gaylussacia,baccata,,,223
3294,1,3,Acer,rubrum,7,,224
3294,1,3,Quercus,velutina,1,,225
3294,1,3,Pteridium,aquilinum,,,226
3294,1,4,Vaccinium,angustifolium,,,227
3294,1,4,Gaylussacia,baccata,,,228
3294,1,4,Accer,rubrum,2,,229
3294,1,5,Vaccinium,angustifolium,,,230
3294,1,5,Gaylussacia,baccata,,,231
3294,1,5,Accer,rubrum,5,,232
3294,1,5,Rubus,hispidus,,,233
3294,1,5,Pteridium,aquilinum,,,234
3294,1,5,Pinus,strobus,1,,235
3294,1,6,Vaccinium,angustifolium,,,236
3294,1,6,Gaylussacia ,baccata,,,237
3294,1,6,Acer,rubrum,10,,238
3294,1,6,Gaultheria,procumbens,,,239
3294,1,6,Pteridium,aquilinum,,,240
3294,1,6,Pinus,strobus,1,,241
3294,1,6,Rubus,allegheniensis,,,242
3294,1,6,Maianthemum,racemosum,,,243
3294,1,7,Gaylussacia,baccata,,,244
3294,1,7,Gaultheria,procumbens,,,245
3294,1,7,Rubus,hispidus,,,246
3294,1,7,Pteridium,aquilinum,,,247
3294,1,8,Vaccinium,angustifolium,,,248
3294,1,8,Gaylussacia,baccata,,,249
3294,1,8,Acer,rubrum,2,,250
3294,1,8,Gaultheria,procumbens,,,251
3294,1,8,Rubus,hispidus,,,252
3294,1,8,Epigaea,repens,,,253
3294,1,8,Maianthemum,racemosum,,,254
3294,1,9,Gaylussacia,baccata,,,255
3294,1,9,Quercus,velutina,1,,256
3294,1,9,Pinus,strobus,2,,257
3294,1,10,Vaccinium,angustifolium,,,258
3294,1,10,Quercus,velutina,1,,259
3294,1,10,Pinus,strobus,1,,260
3294,1,10,Rubus,allegheniensis,,,261
3294,2,1,Vaccinium,angustifolium,,,262
3294,2,1,Gaylussacia,baccata,,,263
3294,2,1,Carex,pensylvanica,,,264
3294,2,1,Trientalis,borealis,,,265
3294,2,1,Gaultheria,procumbens,,,266
3294,2,1,Acer,rubrum,27,,267
3294,2,1,Quercus,velutina,2,,268
3294,2,1,Aronia,melanocarpa,,,269
3294,2,2,Vaccinium,angustifolium,,,270
3294,2,2,Gaylussacia,baccata,,,271
3294,2,2,Trientalis,borealis,,,272
3294,2,2,Gaultheria,procumbens,,,273
3294,2,2,Acer,rubrum,8,,274
3294,2,2,Quercus,velutina,5,,275
3294,2,2,Pteridium,aquilinum,,,276
3294,2,2,Pinus,strobus,1,,277
3294,2,3,Vaccinium,angustifolium,,,278
3294,2,3,Gaylussacia,baccata,,,279
3294,2,3,Carex,pensylvanica,,,280
3294,2,3,Acer,rubrum,12,,281
3294,2,3,Pteridium,aquilinum,,,282
3294,2,3,Pinus,strobus,3,,283
3294,2,3,Rubus,hispidus,,,284
3294,2,3,Eurybia,macrophylla,,,285
3294,2,4,Vaccinium,angustifolium,,,286
3294,2,4,Gaylussacia,baccata,,,287
3294,2,4,Trientalis,borealis,,,288
3294,2,4,Gaultheria,procumbens,,,289
3294,2,4,Pteridium,aquilinum,,,290
3294,2,4,Pinus,strobus,1,,291
3294,2,4,Rubus,hispidus,,,292
3294,2,4,Cornus,canadense,,,293
3294,2,5,Vaccinium,angustifolium,,,294
3294,2,5,Maianthemum,canadense,,,295
3294,2,5,Trientalis,borealis,,,296
3294,2,5,Acer,rubrum,4,,297
3294,2,5,Pteridium,aquilinum,,,298
3294,2,5,Pinus,strobus,3,,299
3294,2,5,Rubus,hispidus,,,300
3294,2,5,Lysimachia,quadrifolia,,,301
3294,2,5,Calamagrostis ,canadensis,,,302
3294,2,5,Aralia,nudicaulis,,,303
3294,2,5,Quercus,ellipsoidalis,3,,304
3294,2,6,Vaccinium,angustifolium,,,305
3294,2,6,Maianthemum,canadense,,,306
3294,2,6,Trientalis,borealis,,,307
3294,2,6,Rubus,hispidus,,,308
3294,2,7,Vaccinium,angustifolium,,,309
3294,2,7,Gaultheria,procumbens,,,310
3294,2,7,Acer,rubrum,5,,311
3294,2,7,Aronia,melanocarpa,,,312
3294,2,7,Rubus,hispidus,,,313
3294,2,7,Lysimachia,quadrifolia,,,314
3294,2,8,Vaccinium,angustifolium,,,315
3294,2,8,Gaylussacia,baccata,,,316
3294,2,8,Maianthemum,canadense,,,317
3294,2,8,Acer,rubrum,6,,318
3294,2,8,Quercus,velutina,1,,319
3294,2,8,Aronia,melanocarpa,,,320
3294,2,8,Pinus,strobus,1,,321
3294,2,8,Rubus,hispidus,,,322
3294,2,9,Vaccinium,angustifolium,,,323
3294,2,9,Gaylussacia,baccata,,,324
3294,2,9,Trientalis,borealis,,,325
3294,2,9,Acer,rubrum,7,,326
3294,2,9,Quercus,velutina,1,,327
3294,2,9,Aronia,melanocarpa,,,328
3294,2,9,Cornus,canadense,,,329
3294,2,9,Dryopteris,carthusiana,,,330
3294,2,10,Vaccinium,angustifolium,,,331
3294,2,10,Trientalis,borealis,,,332
3294,2,10,Acer,rubrum,3,,333
3294,2,10,Aronia,melanocarpa,,,334
3294,3,1,Vaccinium,angustifolium,,,335
3294,3,1,Gaylussacia,baccata,,,336
3294,3,1,Pteridium,aquilinum,,,337
3294,3,1,Quercus,velutina,1,,338
3294,3,2,Vaccinium,angustifolium,,,339
3294,3,2,Gaylussacia,baccata,,,340
3294,3,2,Rubus,hispidus,,,341
3294,3,2,Acer,rubrum,15,,342
3294,3,2,Trientalis,borealis,,,343
3294,3,3,Pteridium,aquilinum,,,344
3294,3,3,Rubus,hispidus,,,345
3294,3,3,Acer,rubrum,30,,346
3294,3,3,Lycopodium,clavatum,,,347
3294,3,3,Cornus,canadense,,,348
3294,3,3,Ilex,verticillata,,,349
3294,3,3,Lysimachia,quadrifolia,,,350
3294,3,3,Rubus,allegheniensis,,,351
3294,3,4,Vaccinium,angustifolium,,,352
3294,3,4,Maianthemum,canadense,,,353
3294,3,4,Carex,pensylvanica,,,354
3294,3,4,Pinus,strobus,1,,355
3294,3,4,Pteridium,aquilinum,,,356
3294,3,4,Rubus,hispidus,,,357
3294,3,4,Lycopodium,clavatum,,,358
3294,3,4,Trientalis,borealis,,,359
3294,3,4,Cornus,canadense,,,360
3294,3,4,Apocynum,androsaemifolium ,,,361
3294,3,4,Ilex,verticillata,,,362
3294,3,4,Lysimachia,quadrifolia,,,363
3294,3,5,Maianthemum,canadense,,,364
3294,3,5,Carex,pensylvanica,,,365
3294,3,5,Rubus,hispidus,,,366
3294,3,5,Acer,rubrum,10,,367
3294,3,5,Lycopodium,clavatum,,,368
3294,3,5,Gaultheria,procumbens,,,369
3294,3,6,Gaylussacia,baccata,,,370
3294,3,6,Carex,pensylvanica,,,371
3294,3,6,Acer,rubrum,9,,372
3294,3,6,Lycopodium,clavatum,,,373
3294,3,7,Vaccinium,angustifolium,,,374
3294,3,7,Gaylussacia,baccata,,,375
3294,3,7,Maianthemum,canadense,,,376
3294,3,7,Pteridium,aquilinum,,,377
3294,3,7,Rubus,hispidus,,,378
3294,3,8,Vaccinium,angustifolium,,,379
3294,3,8,Gaylussacia,baccata,,,380
3294,3,8,Pinus,strobus,2,,381
3294,3,8,Pteridium,aquilinum,,,382
3294,3,8,Rubus,hispidus,,,383
3294,3,8,Acer,rubrum,9,,384
3294,3,8,Lycopodium,clavatum,,,385
3294,3,9,Vaccinium,angustifolium,,,386
3294,3,9,Carex,pensylvanica,,,387
3294,3,9,Rubus,hispidus,,,388
3294,3,9,Acer,rubrum,15,,389
3294,3,9,Osmunda,cinnamomea,,,390
3294,3,9,Lycopodium,clavatum,,,391
3294,3,10,Vaccinium,angustifolium,,,392
3294,3,10,Gaylussacia,baccata,,,393
3294,3,10,Maianthemum,canadense,,,394
3294,3,10,Pinus,strobus,3,,395
3294,3,10,Pteridium,aquilinum,,,396
3294,3,10,Rubus,hispidus,,,397
3294,3,10,Acer,rubrum,17,,398
3294,4,1,Vaccinium,angustifolium,,,399
3294,4,1,Maianthemum,canadense,,,400
3294,4,1,Carex,pensylvanica,,,401
3294,4,1,Rubus,hispidus,,,402
3294,4,1,Acer,rubrum,4,,403
3294,4,1,Trientalis,borealis,,,404
3294,4,1,Quercus,velutina,1,,405
3294,4,1,Lysimachia,quadrifolia,,,406
3294,4,2,Vaccinium,angustifolium,,,407
3294,4,2,Gaylussacia,baccata,,,408
3294,4,2,Maianthemum,canadense,,,409
3294,4,2,Rubus,hispidus,,,410
3294,4,2,Acer,rubrum,8,,411
3294,4,2,Gaultheria,procumbens,,,412
3294,4,2,Trientalis,borealis,,,413
3294,4,2,Pteridium,aquilinum,,,414
3294,4,3,Vaccinium,angustifolium,,,415
3294,4,3,Gaylussacia,baccata,,,416
3294,4,3,Rubus,hispidus,,,417
3294,4,3,Acer,rubrum,6,,418
3294,4,3,Gaultheria,procumbens,,,419
3294,4,3,Aronia,melanocarpa,,,420
3294,4,3,Pteridium,aquilinum,,,421
3294,4,3,Cypripedium,acaule,,,422
3294,4,4,Vaccinium,angustifolium,,,423
3294,4,4,Gaylussacia,baccata,,,424
3294,4,4,Carex,pensylvanica,,,425
3294,4,4,Rubus,hispidus,,,426
3294,4,4,Pinus,strobus,2,,427
3294,4,4,Acer,rubrum,5,,428
3294,4,4,Aronia,melanocarpa,,,429
3294,4,4,Pteridium,aquilinum,,,430
3294,4,5,Vaccinium,angustifolium,,,431
3294,4,5,Gaylussacia,baccata,,,432
3294,4,5,Rubus,hispidus,,,433
3294,4,5,Pinus,strobus,2,,434
3294,4,5,Acer,rubrum,17,,435
3294,4,5,Gaultheria,procumbens,,,436
3294,4,5,Aronia,melanocarpa,,,437
3294,4,5,Trientalis,borealis,,,438
3294,4,5,Cornus,canadense,,,439
3294,4,6,Vaccinium,angustifolium,,,440
3294,4,6,Gaylussacia,baccata,,,441
3294,4,6,Maianthemum,canadense,,,442
3294,4,6,Pinus,strobus,1,,443
3294,4,6,Acer,rubrum,11,,444
3294,4,6,Gaultheria,procumbens,,,445
3294,4,6,Cornus,canadense,,,446
3294,4,6,Quercus,velutina,1,,447
3294,4,7,Vaccinium,angustifolium,,,448
3294,4,7,Gaylussacia,baccata,,,449
3294,4,7,Maianthemum,canadense,,,450
3294,4,7,Rubus,hispidus,,,451
3294,4,7,Acer,rubrum,6,,452
3294,4,7,Pteridium,aquilinum,,,453
3294,4,7,Cornus,canadense,,,454
3294,4,8,Vaccinium,angustifolium,,,455
3294,4,8,Gaylussacia,baccata,,,456
3294,4,8,Acer,rubrum,4,,457
3294,4,8,Aronia,melanocarpa,,,458
3294,4,8,Trientalis,borealis,,,459
3294,4,9,Vaccinium,angustifolium,,,460
3294,4,9,Gaylussacia,baccata,,,461
3294,4,9,Maianthemum,canadense,,,462
3294,4,9,Rubus,hispidus,,,463
3294,4,9,Pinus,strobus,1,,464
3294,4,9,Acer,rubrum,8,,465
3294,4,9,Gaultheria,procumbens,,,466
3294,4,9,Aronia,melanocarpa,,,467
3294,4,10,Carex,pensylvanica,,,468
3294,4,10,Rubus,hispidus,,,469
3294,4,10,Pinus,strobus,1,,470
3294,4,10,Viburnum,acerifolium,,,471
3294,4,10,Acer,rubrum,3,,472
3294,5,1,Vaccinium,angustifolium,,,473
3294,5,1,Quercus,velutina,1,,474
3294,5,1,Acer,rubrum,2,,475
3294,5,2,Vaccinium,angustifolium,,,476
3294,5,2,Gaylussacia,baccata,,,477
3294,5,2,Acer,rubrum,9,,478
3294,5,2,Pteridium,aquilinum,,,479
3294,5,2,Cypripedium,acaule,,,480
3294,5,2,Rubus,sp,,,481
3294,5,2,Lycopodium,clavatum,,,482
3294,5,3,Vaccinium,angustifolium,,,483
3294,5,3,Gaylussacia,baccata,,,484
3294,5,3,Acer,rubrum,5,,485
3294,5,3,Pteridium,aquilinum,,,486
3294,5,3,Cypripedium,acaule,,,487
3294,5,3,Lycopodium,clavatum,,,488
3294,5,3,Osmunda,cinnamomea,,,489
3294,5,3,Gaultheria,procumbens,,,490
3294,5,4,Vaccinium,angustifolium,,,491
3294,5,4,Gaylussacia,baccata,,,492
3294,5,4,Acer,rubrum,4,,493
3294,5,4,Osmunda,cinnamomea,,,494
3294,5,4,Cypripedium,acaule,,,495
3294,5,4,Pinus,strobus,2,,496
3294,5,5,Gaylussacia,baccata,,,497
3294,5,5,Maianthemum,canadense,,,498
3294,5,5,Acer,rubrum,6,,499
3294,5,5,Pteridium,aquilinum,,,500
3294,5,5,Rubus,sp,,,501
3294,5,5,Lycopodium,clavatum,,,502
3294,5,6,Maianthemum,canadense,,,503
3294,5,6,Pteridium,aquilinum,,,504
3294,5,6,Rubus,sp,,,505
3294,5,6,Lycopodium,clavatum,,,506
3294,5,6,Gaultheria,procumbens,,,507
3294,5,6,Ilex,verticillata,,,508
3294,5,7,Vaccinium,angustifolium,,,509
3294,5,7,Acer,rubrum,1,,510
3294,5,7,Ilex,verticillata,,,511
3294,5,8,Vaccinium,angustifolium,,,512
3294,5,8,Quercus,velutina,1,,513
3294,5,8,Acer,rubrum,8,,514
3294,5,8,Rubus,sp,,,515
3294,5,8,Pinus,strobus,2,,516
3294,5,8,Cornus,canadense,,,517
3294,5,9,Carex,pensylvanica,,,518
3294,5,9,Rubus,sp,,,519
3294,5,9,Lycopodium,clavatum,,,520
3294,5,9,Chamaedaphne ,calyculata,,,521
3294,5,10,Vaccinium,angustifolium,,,522
3294,5,10,Acer,rubrum,2,,523
3294,5,10,Rubus,sp,,,524
3294,5,10,Chamaedaphne ,calyculata,,,525
3299,1,1,Maianthemum,canadense,,,526
3299,1,1,Carex,oligosperma,,,527
3299,1,1,Aronia,melanocarpa,,,528
3299,1,1,Pinus,strobus,6,,529
3299,1,1,Cornus,canadense,,,530
3299,1,1,Rubus,hispidus,,,531
3299,1,1,Acer,rubrum,3,,532
3299,1,1,Trientalis,borealis,,,533
3299,1,2,Vaccinium,angustifolium,,,534
3299,1,2,Gaylussacia,baccata,,,535
3299,1,3,Gaylussacia,baccata,,,536
3299,1,3,Aronia,melanocarpa,,,537
3299,1,3,Rubus,hispidus,,,538
3299,1,3,Acer,rubrum,2,,539
3299,1,3,Trientalis,borealis,,,540
3299,1,3,Carex,brunnescens,,,541
3299,1,3,Quercus,velutina,1,,542
3299,1,4,Vaccinium,angustifolium,,,543
3299,1,4,Carex,oligosperma,,,544
3299,1,5,Gaylussacia,baccata,,,545
3299,1,5,Maianthemum,canadense,,,546
3299,1,5,Aronia,melanocarpa,,,547
3299,1,5,Rubus,hispidus,,,548
3299,1,5,Acer,rubrum,1,,549
3299,1,5,Trientalis,borealis,,,550
3299,1,5,Mitchella,repens,,,551
3299,1,6,Gaylussacia,baccata,,,552
3299,1,6,Maianthemum,canadense,,,553
3299,1,6,Rubus,hispidus,,,554
3299,1,6,Acer,rubrum,1,,555
3299,1,6,Trientalis,borealis,,,556
3299,1,6,Carex,brunnescens,,,557
3299,1,7,Gaylussacia,baccata,,,558
3299,1,7,Maianthemum,canadense,,,559
3299,1,7,Aronia,melanocarpa,,,560
3299,1,7,Rubus,hispidus,,,561
3299,1,7,Acer,rubrum,5,,562
3299,1,7,Trientalis,borealis,,,563
3299,1,7,Carex,intumescens,,,564
3299,1,8,Vaccinium,angustifolium,,,565
3299,1,8,Gaylussacia,baccata,,,566
3299,1,8,Maianthemum,canadense,,,567
3299,1,8,Pinus,strobus,4,,568
3299,1,8,Rubus,hispidus,,,569
3299,1,8,Acer,rubrum,12,,570
3299,1,8,Trientalis,borealis,,,571
3299,1,8,Gaultheria,procumbens,,,572
3299,1,9,Vaccinium,angustifolium,,,573
3299,1,9,Gaylussacia,baccata,,,574
3299,1,9,Pinus,strobus,2,,575
3299,1,9,Rubus,hispidus,,,576
3299,1,9,Pteridium,aquilinum,,,577
3299,1,9,Prunus,serotina,1,,578
3299,1,10,Maianthemum,canadense,,,579
3299,1,10,Aronia,melanocarpa,,,580
3299,1,10,Pinus,strobus,8,,581
3299,1,10,Rubus,hispidus,,,582
3299,1,10,Acer,rubrum,16,,583
3299,1,10,Trientalis,borealis,,,584
3299,2,1,Gaylussacia,baccata,,,585
3299,2,1,Maianthemum,canadense,,,586
3299,2,1,Acer,rubrum,,,587
3299,2,1,Rubus,hispidus,,,588
3299,2,1,Carex,brunnescens,,,589
3299,2,2,Vaccinium,angustifolium,,,590
3299,2,2,Gaylussacia,baccata,,,591
3299,2,2,Maianthemum,canadense,,,592
3299,2,2,Trientalis,borealis,,,593
3299,2,2,Acer,rubrum,1,,594
3299,2,3,Gaylussacia,baccata,,,595
3299,2,3,Maianthemum,canadense,,,596
3299,2,3,Acer,rubrum,2,,597
3299,2,3,Rubus,hispidus,,,598
3299,2,3,Quercus,ellipsoidalis,1,,599
3299,2,4,Vaccinium,angustifolium,,,600
3299,2,4,Gaylussacia,baccata,,,601
3299,2,4,Maianthemum,canadense,,,602
3299,2,4,Trientalis,borealis,,,603
3299,2,4,Acer,rubrum,10,,604
3299,2,4,Pinus,strobus,1,,605
3299,2,4,Rubus,hispidus,,,606
3299,2,4,Quercus,ellipsoidalis,1,,607
3299,2,5,Gaylussacia,baccata,,,608
3299,2,5,Maianthemum,canadense,,,609
3299,2,5,Trientalis,borealis,,,610
3299,2,5,Acer,rubrum,2,,611
3299,2,5,Rubus,hispidus,,,612
3299,2,6,Rubus,hispidus,,,613
3299,2,7,Maianthemum,canadense,,,614
3299,2,7,Osmunda,cinnamomea,,,615
3299,2,7,Osmunda,regalis,,,616
3299,2,8,Maianthemum,canadense,,,617
3299,2,8,Trientalis,borealis,,,618
3299,2,8,Rubus,hispidus,,,619
3299,2,8,Quercus,ellipsoidalis,1,,620
3299,2,9,Maianthemum,canadense,,,621
3299,2,9,Pinus,strobus,1,,622
3299,2,9,Ilex,verticillata,,,623
3299,2,10,Gaylussacia,baccata,,,624
3299,2,10,Maianthemum,canadense,,,625
3299,2,10,Quercus,velutina,2,,626
3299,2,10,Trientalis,borealis,,,627
3299,2,10,Acer,rubrum,3,,628
3299,3,1,Vaccinium,angustifolium,,,629
3299,3,1,Ilex,verticillata,,,630
3299,3,1,Acer,rubrum,6,,631
3299,3,1,Rubus,hispidus,,,632
3299,3,1,Pinus,strobus,1,,633
3299,3,1,Carex,brunnescens,,,634
3299,3,2,Maianthemum,canadense,,,635
3299,3,2,Acer,rubrum,1,,636
3299,3,2,Pinus,strobus,1,,637
3299,3,3,Maianthemum,canadense,,,638
3299,3,4,Maianthemum,canadense,,,639
3299,3,6,Gaylussacia,baccata,,,640
3299,3,6,Maianthemum,canadense,,,641
3299,3,6,Acer,rubrum,1,,642
3299,3,7,Gaylussacia,baccata,,,643
3299,3,7,Maianthemum,canadense,,,644
3299,3,8,Gaylussacia,baccata,,,645
3299,3,8,Maianthemum,canadense,,,646
3299,3,9,Maianthemum,canadense,,,647
3299,3,9,Ilex,verticillata,,,648
3299,3,9,Acer,rubrum,3,,649
3299,3,9,Rubus,hispidus,,,650
3299,3,10,Vaccinium,angustifolium,,,651
3299,3,10,Gaylussacia,baccata,,,652
3299,3,10,Maianthemum,canadense,,,653
3299,3,10,Ilex,verticillata,,,654
3299,3,10,Acer,rubrum,4,,655
3299,3,10,Rubus,hispidus,,,656
3299,3,10,Trientalis,borealis,,,657
3299,4,1,Vaccinium,angustifolium,,,658
3299,4,1,Gaylussacia,baccata,,,659
3299,4,1,Maianthemum,canadense,,,660
3299,4,1,Trientalis,borealis,,,661
3299,4,2,Gaylussacia,baccata,,,662
3299,4,2,Maianthemum,canadense,,,663
3299,4,2,Acer,rubrum,1,,664
3299,4,2,Trientalis,borealis,,,665
3299,4,3,Vaccinium,angustifolium,,,666
3299,4,3,Gaylussacia,baccata,,,667
3299,4,3,Acer,rubrum,3,,668
3299,4,3,Trientalis,borealis,,,669
3299,4,4,Gaylussacia,baccata,,,670
3299,4,4,Maianthemum,canadense,,,671
3299,4,4,Acer,rubrum,1,,672
3299,4,4,Trientalis,borealis,,,673
3299,4,4,Apocynum,androsaemifolium,,,674
3299,4,4,Gaultheria,procumbens,,,675
3299,4,5,Maianthemum,canadense,,,676
3299,4,5,Trientalis,borealis,,,677
3299,4,6,Vaccinium,angustifolium,,,678
3299,4,6,Gaylussacia,baccata,,,679
3299,4,6,Maianthemum,canadense,,,680
3299,4,6,Rubus ,hispidus,,,681
3299,4,6,Trientalis,borealis,,,682
3299,4,7,Maianthemum,canadense,,,683
3299,4,7,Trientalis,borealis,,,684
3299,4,8,Gaylussacia,baccata,,,685
3299,4,8,Maianthemum,canadense,,,686
3299,4,8,Rubus  ,hispidus,,,687
3299,4,8,Acer,rubrum,6,,688
3299,4,8,Carex,oligosperma,,,689
3299,4,8,Trientalis,borealis,,,690
3299,4,9,Maianthemum,canadense,,,691
3299,4,9,Rubus,hispidus,,,692
3299,4,9,Acer,rubrum,5,,693
3299,4,9,Pinus,strobus,1,,694
3299,4,10,Carex ,sp,,,695
3299,5,1,Vaccinium,angustifolium,,,696
3299,5,1,Gaylussacia,baccata,,,697
3299,5,1,Pteridium,aquilinum,,,698
3299,5,1,Acer,rubrum,1,,699
3299,5,2,Vaccinium,angustifolium,,,700
3299,5,2,Gaylussacia,baccata,,,701
3299,5,2,Quercus,ellipsoidalis,1,,702
3299,5,2,Quercus,velutina,1,,703
3299,5,3,Gaylussacia,baccata,,,704
3299,5,3,Maianthemum,canadense,,,705
3299,5,3,Carex ,oligosperma,,,706
3299,5,3,Pteridium,aquilinum,,,707
3299,5,3,Acer,rubrum,2,,708
3299,5,3,Rubus,hispidus,,,709
3299,5,3,Trientalis,borealis,,,710
3299,5,4,Vaccinium,angustifolium,,,711
3299,5,4,Gaylussacia,baccata,,,712
3299,5,4,Maianthemum,canadense,,,713
3299,5,4,Pteridium,aquilinum,,,714
3299,5,4,Acer,rubrum,2,,715
3299,5,4,Rubus,hispidus,,,716
3299,5,4,Trientalis,borealis,,,717
3299,5,5,Vaccinium,angustifolium,,,718
3299,5,5,Gaylussacia,baccata,,,719
3299,5,5,Maianthemum,canadense,,,720
3299,5,5,Acer,rubrum,5,,721
3299,5,5,Quercus,velutina,1,,722
3299,5,5,Rubus,hispidus,,,723
3299,5,5,Trientalis,borealis,,,724
3299,5,5,Gaultheria,procumbens,,,725
3299,5,5,Osmunda,cinnamomea,,,726
3299,5,5,Uvularia,sessilifolia,,,727
3299,5,5,Rubus ,allegheniensis,,,728
3299,5,6,Vaccinium,angustifolium,,,729
3299,5,6,Gaylussacia,baccata,,,730
3299,5,6,Maianthemum,canadense,,,731
3299,5,6,Pteridium,aquilinum,,,732
3299,5,6,Acer,rubrum,9,,733
3299,5,6,Trientalis,borealis,,,734
3299,5,6,Gaultheria,procumbens,,,735
3299,5,6,Rubus,allegheniensis,,,736
3299,5,7,Vaccinium,angustifolium,,,737
3299,5,7,Gaylussacia,baccata,,,738
3299,5,7,Maianthemum,canadense,,,739
3299,5,7,Acer,rubrum,1,,740
3299,5,7,Trientalis,borealis,,,741
3299,5,8,Vaccinium,angustifolium,,,742
3299,5,8,Acer,rubrum,1,,743
3299,5,9,Vaccinium,angustifolium,,,744
3299,5,9,Gaylussacia,baccata,,,745
3299,5,9,Carex,oligosperma,,,746
3299,5,9,Acer,rubrum,4,,747
3299,5,9,Cypripedium,acaule,,,748
3299,5,10,Vaccinium,angustifolium,,,749
3299,5,10,Gaylussacia,baccata,,,750
3299,5,10,Carex,oligosperma,,,751
3299,5,10,Pteridium,aquilinum,,,752
3299,5,10,Cypripedium,acaule,,,753
3297,1,1,Carex,pensylvanica,,,754
3297,1,1,Comptonia,peregrina,,,755
3297,1,1,Poa,sp ,,,756
3297,1,1,Hypericum,perforatum,,,757
3297,1,2,Carex,pensylvanica,,,758
3297,1,2,Poa,sp,,,759
3297,1,2,Maianthemum,canadense,,,760
3297,1,2,Quercus,velutina,2,,761
3297,1,3,Carex,pensylvanica,,,762
3297,1,3,Quercus,velutina,1,,763
3297,1,3,Helianthemum,canadense,,,764
3297,1,3,Pinus,banksiana,1,,765
3297,1,3,Melampyrum,lineare,,,766
3297,1,3,Vaccinium,angustifolium,,,767
3297,1,3,Dichanthelium ,depauperatum,,,768
3297,1,3,Danthonia,spicata,,,769
3297,1,4,Carex,pensylvanica,,,770
3297,1,4,Poa,sp,,,771
3297,1,4,Melampyrum,lineare,,,772
3297,1,4,Vaccinium,angustifolium,,,773
3297,1,4,Danthonia,spicata,,,774
3297,1,4,Agrostis,scabra,,,775
3297,1,4,Dichanthelium ,perlongum,,,776
3297,1,4,Polygala,polygama,,,777
3297,1,5,Carex ,pensylvanica,,,778
3297,1,5,Quercus,velutina,4,,779
3297,1,5,Helianthemum,canadense,,,780
3297,1,5,Dichanthelium ,depauperatum,,,781
3297,1,5,Pinus,strobus,2,,782
3297,1,5,Quercus,ellipsoidalis,1,,783
3297,1,5,Acrtostaphylos,uva-ursi,,,784
3297,1,6,Carex,pennsylvanica,,,785
3297,1,6,Quercus,velutina,5,,786
3297,1,6,Vaccinium,angustifolium,,,787
3297,1,6,Quercus,ellipsoidalis,1,,788
3297,1,6,Gaultheria,procumbens,,,789
3297,1,7,Carex,pennsylvanica,,,790
3297,1,7,Poa,sp,,,791
3297,1,7,Maianthemum,canadense,,,792
3297,1,7,Quercus,velutina,4,,793
3297,1,7,Vaccinium,angustifolium,,,794
3297,1,7,Gaultheria,procumbens,,,795
3297,1,7,Prunus,serotina,1,,796
3297,1,8,Carex,pensylvanica,,,797
3297,1,8,Maianthemum,canadense,,,798
3297,1,8,Quercus,velutina,8,,799
3297,1,8,Vaccinium,angustifolium,,,800
3297,1,9,Carex,pensylvanica,,,801
3297,1,9,Quercus,velutina,10,,802
3297,1,9,Vaccinium,angustifolium,,,803
3297,1,9,Pinus,resinosa,1,,804
3297,1,10,Carex,pensylvanica,,,805
3297,1,10,Quercus,velutina,5,,806
3297,2,1,Carex,pensylvanica,,,807
3297,2,1,Helianthemum,canadense,,,808
3297,2,1,Danthonia,spicata,,,809
3297,2,2,Carex,pensylvanica,,,810
3297,2,2,Poa,sp,,,811
3297,2,2,Danthonia,spicata,,,812
3297,2,3,Carex,pensylvanica,,,813
3297,2,3,Poa,sp,,,814
3297,2,3,Quercus,velutina,2,,815
3297,2,4,Carex,pensylvanica,,,816
3297,2,4,Poa,sp,,,817
3297,2,4,Quercus,velutina,4,,818
3297,2,4,Danthonia,spicata,,,819
3297,2,5,Carex,pensylvanica,,,820
3297,2,5,Helianthemum,canadense,,,821
3297,2,5,Vaccinium,angustifolium,,,822
3297,2,5,Pinus,strobus,2,,823
3297,2,5,Acer,rubrum,2,,824
3297,2,5,Maianthemum,canadense,,,825
3297,2,5,Lysimachia,quadrifolia,,,826
3297,2,5,Agrostis,scabra,,,827
3297,2,5,Danthonia,spicata,,,828
3297,2,6,Carex,pensylvanica,,,829
3297,2,6,Melampyrum,lineare,,,830
3297,2,6,Pinus,strobus,3,,831
3297,2,7,Carex,pensylvanica,,,832
3297,2,7,Quercus,velutina,4,,833
3297,2,7,Melampyrum,lineare,,,834
3297,2,7,Pinus,strobus,1,,835
3297,2,8,Carex,pensylvanica,,,836
3297,2,8,Quercus,velutina,2,,837
3297,2,8,Melampyrum,lineare,,,838
3297,2,9,Carex,pensylvanica,,,839
3297,2,9,Vaccinium,angustifolium,,,840
3297,2,9,Quercus,velutina,1,,841
3297,2,10,Carex,pensylvanica,,,842
3297,2,10,Poa,sp,,,843
3297,2,10,Polygala,polygama,,,844
3297,2,10,Helianthemum,canadense,,,845
3297,2,10,Pinus,banksiana,2,,846
3297,3,1,Carex,pensylvanica,,,847
3297,3,1,Quercus,velutina,2,,848
3297,3,1,Pinus,resinosa,1,,849
3297,3,2,Carex,pensylvanica,,,850
3297,3,2,Quercus,velutina,4,,851
3297,3,2,Pinus,resinosa,4,,852
3297,3,2,Pinus,strobus,3,,853
3297,3,2,Maianthemum,canadense,,,854
3297,3,3,Carex,pensylvanica,,,855
3297,3,3,Quercus,velutina,3,,856
3297,3,4,Carex,pensylvanica,,,857
3297,3,4,Quercus,velutina,4,,858
3297,3,4,Pinus,strobus,2,,859
3297,3,4,Comptonia,peregrina,,,860
3297,3,4,Poa,sp,,,861
3297,3,5,Carex,pensylvanica,,,862
3297,3,5,Quercus,velutina,1,,863
3297,3,5,Comptonia,peregrina,,,864
3297,3,5,Muhlenbergia ,mexicana,,,865
3297,3,6,Carex,pensylvanica,,,866
3297,3,6,Quercus,velutina,5,,867
3297,3,6,Comptonia,peregrina,,,868
3297,3,6,Poa,sp,,,869
3297,3,6,Danthonia,spicata,,,870
3297,3,7,Carex,pensylvanica,,,871
3297,3,7,Quercus,velutina,2,,872
3297,3,7,Poa,sp,,,873
3297,3,7,Dichanthelium ,depauperatum,,,874
3297,3,7,Viola,adunca,,,875
3297,3,8,Carex,pensylvanica,,,876
3297,3,8,Quercus,velutina,3,,877
3297,3,8,Pinus,strobus,1,,878
3297,3,8,Vaccinium,angustifolium,,,879
3297,3,9,Carex,pensylvanica,,,880
3297,3,9,Quercus,velutina,2,,881
3297,3,9,Vaccinium,angustifolium,,,882
3297,3,9,Melampyrum,lineare,,,883
3297,3,10,Carex,pensylvanica,,,884
3297,3,10,Quercus,velutina,4,,885
3297,3,10,Poa,sp,,,886
3297,3,10,Vaccinium,angustifolium,,,887
3297,4,1,Carex,pensylvanica,,,888
3297,4,1,Quercus,velutina,3,,889
3297,4,1,Pinus,strobus,1,,890
3297,4,1,Vaccinium,angustifolium,,,891
3297,4,2,Carex,pensylvanica,,,892
3297,4,2,Pinus,strobus,2,,893
3297,4,2,Vaccinium,angustifolium,,,894
3297,4,3,Carex,pensylvanica,,,895
3297,4,3,Quercus,velutina,1,,896
3297,4,3,Pinus,strobus,2,,897
3297,4,3,Gaylussacia,baccata,,,898
3297,4,4,Carex,pensylvanica,,,899
3297,4,4,Quercus,velutina,2,,900
3297,4,4,Vaccinium,angustifolium,,,901
3297,4,5,Carex,pensylvanica,,,902
3297,4,5,Quercus,velutina,2,,903
3297,4,5,Pinus,strobus,2,,904
3297,4,6,Carex,pensylvanica,,,905
3297,4,6,Pinus,strobus,2,,906
3297,4,6,Poa,sp,,,907
3297,4,7,Carex,pensylvanica,,,908
3297,4,7,Quercus,velutina,10,,909
3297,4,7,Pinus,strobus,3,,910
3297,4,7,Acer,rubrum,1,,911
3297,4,7,Vaccinium,angustifolium,,,912
3297,4,8,Carex,pensylvanica,,,913
3297,4,8,Quercus,velutina,8,,914
3297,4,8,Pinus,strobus,6,,915
3297,4,8,Melampyrum,lineare,,,916
3297,4,8,Vaccinium,angustifolium,,,917
3297,4,9,Carex,pensylvanica,,,918
3297,4,9,Quercus,velutina,4,,919
3297,4,9,Pinus,strobus,2,,920
3297,4,9,Melampyrum,lineare,,,921
3297,4,9,Quercus,ellipsoidalis,1,,922
3297,4,9,Acer,rubrum,1,,923
3297,4,10,Carex,pensylvanica,,,924
3297,4,10,Quercus,velutina,3,,925
3297,4,10,Pinus,strobus,2,,926
3297,5,1,Carex,pensylvanica,,,927
3297,5,1,Pteridium,aquilinum,,,928
3297,5,1,Quercus,velutina,6,,929
3297,5,1,Vaccinium,angustifolium,,,930
3297,5,1,Gaultheria,procumbens,,,931
3297,5,2,Carex,pensylvanica,,,932
3297,5,2,Pteridium,aquilinum,,,933
3297,5,2,Vaccinium,angustifolium,,,934
3297,5,2,Melampyrum,lineare,,,935
3297,5,2,Gaylussacia,baccata,,,936
3297,5,3,Carex,pensylvanica,,,937
3297,5,3,Pteridium,aquilinum,,,938
3297,5,3,Quercus,velutina,3,,939
3297,5,3,Vaccinium,angustifolium,,,940
3297,5,3,Gaylussacia,baccata,,,941
3297,5,4,Carex,pensylvanica,,,942
3297,5,4,Pteridium,aquilinum,,,943
3297,5,4,Quercus,velutina,2,,944
3297,5,4,Poa,sp,,,945
3297,5,4,Prunus,serotina,1,,946
3297,5,4,Pinus,strobus,4,,947
3297,5,5,Carex,pensylvanica,,,948
3297,5,5,Quercus,velutina,3,,949
3297,5,5,Vaccinium,angustifolium,,,950
3297,5,5,Pinus,strobus,9,,951
3297,5,6,Carex,pensylvanica,,,952
3297,5,6,Quercus,velutina,4,,953
3297,5,6,Vaccinium,angustifolium,,,954
3297,5,6,Poa,sp,,,955
3297,5,6,Pinus,strobus,1,,956
3297,5,6,Maianthemum,canadense,,,957
3297,5,6,Lysimachia,quadrifolia,,,958
3297,5,6,Dichanthelium ,depauperatum,,,959
3297,5,6,Danthonia,spicata,,,960
3297,5,7,Carex,pensylvanica,,,961
3297,5,7,Quercus,velutina,5,,962
3297,5,7,Pinus,strobus,3,,963
3297,5,8,Carex,pensylvanica,,,964
3297,5,8,Quercus,velutina,3,,965
3297,5,8,Vaccinium,angustifolium,,,966
3297,5,8,Melampyrum,lineare,,,967
3297,5,9,Carex,pensylvanica,,,968
3297,5,9,Quercus,velutina,4,,969
3297,5,9,Vaccinium,angustifolium,,,970
3297,5,9,Pinus,strobus,1,,971
3297,5,9,Quercus,alba,2,,972
3297,5,9,Helianthemum,canadense,,,973
3297,5,10,Carex,pensylvanica,,,974
3297,5,10,Quercus,velutina,4,,975
3297,5,10,Vaccinium,angustifolium,,,976
